question,direct_time,direct_len,direct_answer,rag_time,rag_len,rag_answer,context_used
什么是SYN Flood攻击？它的检测特征是什么？,7.531050205230713,0,...,7.0114905834198,219,"# SYN Flood攻击

## 定义
SYN Flood是一种DoS/DDoS攻击类型，攻击者通过发送大量TCP SYN包但不完成三次握手的最后一步（不发送ACK回复），导致目标服务器资源耗尽，无法处理合法连接请求。

## 检测特征
根据知识库内容，SYN Flood攻击的检测特征包括：

1. **大量SYN包**：短时间内收到大量SYN包
2. **缺少ACK响应**：这些SYN包没有对...",True
OSPF路由协议使用哪个协议号？为什么？,5.740798473358154,190,"OSPF（开放最短路径优先）路由协议使用IP协议号89。

原因如下：

1. **协议号分配**：协议号是由IANA（互联网号码分配机构）分配的，用于标识IP数据包中封装的上层协议。OSPF被正式分配了协议号89。

2. **直接IP封装**：OSPF是一种内部网关协议（IGP），它直接封装在IP数据包中传输，而不使用传输层协议（如TCP或UDP）。因此，它使用协议号而不是...",4.236925363540649,164,"根据知识库内容，OSPF路由协议使用协议号89（IP层协议号）。

OSPF使用协议号89是因为它直接在IP层上运行，而不是使用传输层协议（如TCP或UDP）。当IP数据包的协议字段设置为89时，表示该数据包的有效载荷是OSPF数据。这种设计使得OSPF可以直接在IP层上运行，减少了协议开销，并提供了更直接的路由信息交换机制。...",True
如何检测DNS隧道？有什么特征？,6.071971893310547,0,...,7.529931545257568,144,"# DNS隧道检测方法与特征

## 检测方法

1. **监控DNS查询特征**
   - 检查异常长的DNS查询名（>30字符）
   - 监控高频DNS查询（同一源IP每分钟>100次查询）
   - 检测查询同一域名的大量随机子域名

2. **分析DNS响应**
   - 检查...",True
T1046是什么MITRE ATT&CK技术？如何防御？,4.983523607254028,449,"# T1046 - 网络共享驱动 (Network Shared Drive)

T1046是MITRE ATT&CK框架中的技术，属于""初始访问""(Initial Access)战术类别。这种技术描述了攻击者通过网络共享来访问受害者系统的方法。

## 攻击方式
- 利用已存在的网络共享连接
- 诱导用户连接到恶意网络共享
- 利用配置不当的网络共享权限
- 通过钓鱼邮件等方式诱使用户访问恶意网...",6.600057125091553,257,"T1046是MITRE ATT&CK框架中的""网络服务扫描""技术，属于侦察战术类别。这种技术涉及攻击者通过扫描目标网络的开放端口和服务来收集目标环境信息，常见扫描方式包括SYN扫描、UDP扫描和ACK扫描等。

防御T1046的方法包括：
1. 部署IDS/IPS（入侵检测/防御系统）来检测扫描行为
2. 限制内网横向扫描
3. 关闭不必要的服务端口

此外，可以通过检测以下流量特征来识别此类攻击...",True
端口扫描有哪些类型？Nmap的SYN扫描原理是什么？,5.786512851715088,0,...,6.338480710983276,227,"根据知识库内容，端口扫描有以下几种类型：

1. **SYN扫描（半开扫描）**：只发送SYN包，不完成三次握手
2. **Connect扫描（全开扫描）**：完成完整三次握手
3. **FIN扫描**：只发送FIN包
4. **XMAS扫描**：FIN+PSH+URG标志位
5. **Null扫描**：无标志位

关于Nmap的SYN扫描原理：

Nmap的SYN扫描是一种半开扫描方式，其工作原...",True
